"id","year","cut_reg","region","cut_prov","province","cut_com","commune","area","egi","egi_std","ta","dai","sae","iadm40","iadm44","iadm41","iadm25","iadm33","isoc013","mocosoc","mcosoc","icar007","itpcm","itpc","itpr","itpu","internet_con"
"1",2021,1,"Tarapacá",11,"Iquique",1101,"Iquique",2289.53,7.5,NA,NA,NA,NA,4344323,22970644,32568502,38.35,43.86,1782,"1","1",100.41,173861,227127,3799,223328,57075
"2",2021,1,"Tarapacá",11,"Iquique",1107,"Alto Hospicio",571.19,5,NA,NA,NA,NA,9149769,2576751,4561828,33.58,29.85,409,"1","1",234.01,90995,134085,2845,131240,17155
"3",2021,1,"Tarapacá",14,"Tamarugal",1401,"Pozo Almonte",13765.8,5,NA,NA,NA,NA,2674476,2327479,4405363,26.39,38.89,266,"1","1",1.3,12659,17853,6049,11804,1201
"4",2021,1,"Tarapacá",14,"Tamarugal",1402,"Camiña",2199.83,1.75,NA,NA,NA,NA,1976276,9622,99212,50,57.69,47,"1","1",0.63,1046,1384,1384,0,8
"5",2021,1,"Tarapacá",14,"Tamarugal",1403,"Colchane",4007.84,2.5,NA,NA,NA,NA,1412081,119869,347882,54.55,40.91,67,"0","0",0.4,1259,1588,1588,0,8
"6",2021,1,"Tarapacá",14,"Tamarugal",1404,"Huara",10472.5,2.5,NA,NA,NA,NA,1812813,113591,1218107,58.33,37.5,217,"1","1",0.29,2270,3043,1774,1269,4
"7",2021,1,"Tarapacá",14,"Tamarugal",1405,"Pica",8982.12,3,NA,NA,NA,NA,1628023,1484291,3985215,48.28,48.28,156,"1","1",0.68,4507,6085,1938,4147,108
"8",2021,2,"Antofagasta",21,"Antofagasta",2101,"Antofagasta",30683.5,3.5,NA,NA,NA,NA,10196473,32864954,46776336,29.7,50.97,4557,"1","1",14.12,328888,433712,6294,427418,110358
"9",2021,2,"Antofagasta",21,"Antofagasta",2102,"Mejillones",3576.07,3.25,NA,NA,NA,NA,1667833,4133222,5776706,36.76,42.65,290,"1","1",3.99,11488,15168,648,14520,2010
"10",2021,2,"Antofagasta",21,"Antofagasta",2103,"Sierra Gorda",12883,4.5,NA,NA,NA,NA,1630465,2732860,5363682,55.36,53.57,22,"1","0",0.14,1356,1772,1772,0,87
"11",2021,2,"Antofagasta",21,"Antofagasta",2104,"Taltal",20412.1,2.5,NA,NA,NA,NA,1945136,871684,3048674,34.04,61.7,59,"0","1",0.68,10120,13806,1424,12382,1361
"12",2021,2,"Antofagasta",22,"El Loa",2201,"Calama",15533.2,6.75,NA,NA,NA,NA,6345398,11884070,18404232,25,52.87,2518,"1","0",12.4,142944,193343,6424,186919,44397
"13",2021,2,"Antofagasta",22,"El Loa",2202,"Ollagüe",2925.54,2.5,NA,NA,NA,NA,1715493,474526,644618,50,35.71,17,"1","1",0.1,225,283,283,0,2
"14",2021,2,"Antofagasta",22,"El Loa",2203,"San Pedro de Atacama",23602.2,2.75,NA,NA,NA,NA,5286242,1055732,2262618,52.5,50.83,362,"1","1",0.46,8302,10675,4542,6133,333
"15",2021,2,"Antofagasta",23,"Tocopilla",2301,"Tocopilla",4120.83,1.25,NA,NA,NA,NA,3337697,940412,2327175,20.37,38.89,381,"1","1",6.99,20594,28214,1158,27056,5676
"16",2021,2,"Antofagasta",23,"Tocopilla",2302,"María Elena",12330.1,2.25,NA,NA,NA,NA,1248853,2082394,3326470,34.62,48.08,46,"1","1",0.56,5120,6773,642,6131,293
"17",2021,3,"Atacama",31,"Copiapó",3101,"Copiapó",17782.9,8,NA,NA,NA,NA,10391076,9149044,15010936,26.53,47.28,1052,"1","0",10.39,127967,173253,3178,170075,42865
"18",2021,3,"Atacama",31,"Copiapó",3102,"Caldera",3680.47,7,NA,NA,NA,NA,6568221,1208537,2373887,71.03,51.4,416,"1","1",4.2,14569,19612,1996,17616,990
"19",2021,3,"Atacama",31,"Copiapó",3103,"Tierra Amarilla",11251.1,2.5,NA,NA,NA,NA,1742964,4261053,5664401,35.06,48.05,56,"1","0",1.28,10466,14374,3263,11111,573
"20",2021,3,"Atacama",32,"Chañaral",3201,"Chañaral",5758.87,2.5,NA,NA,NA,NA,2200736,1077931,2240481,23.76,51.49,250,"1","1",2.28,9571,13149,1445,11704,699
"21",2021,3,"Atacama",32,"Chañaral",3202,"Diego de Almagro",18969.2,2.75,NA,NA,NA,NA,1688045,1331374,3263630,100,43.75,234,"1","1",0.76,10200,14258,939,13319,1450
"22",2021,3,"Atacama",33,"Huasco",3301,"Vallenar",7226.86,5.25,NA,NA,NA,NA,5496184,1663008,4207514,31.17,48.7,454,"1","1",8.08,42472,57224,6541,50683,10683
"23",2021,3,"Atacama",33,"Huasco",3302,"Alto del Carmen",6155.88,2,NA,NA,NA,NA,2149651,231811,1001697,46.51,41.86,211,"1","1",0.97,4473,5754,5754,0,12
"24",2021,3,"Atacama",33,"Huasco",3303,"Freirina",3222.55,2,NA,NA,NA,NA,1895968,269602,742334,34.29,57.14,226,"0","0",2.16,5750,7739,2519,5220,145
"25",2021,3,"Atacama",33,"Huasco",3304,"Huasco",1602.25,3,NA,NA,NA,NA,1925504,1039601,1879143,37.29,55.93,95,"1","1",7.1,8541,11374,1342,10032,310
"26",2021,4,"Coquimbo",41,"Elqui",4101,"La Serena",1901.22,3.25,NA,NA,NA,NA,12239937,17466455,25236312,35.64,47.27,1194,"1","1",134.41,194026,254445,24594,229851,66541
"27",2021,4,"Coquimbo",41,"Elqui",4102,"Coquimbo",1431.77,5,NA,NA,NA,NA,19950070,12202381,21092139,39.43,38.19,1556,"1","1",183.21,196890,261811,15800,246011,63455
"28",2021,4,"Coquimbo",41,"Elqui",4103,"Andacollo",514.2,2.5,NA,NA,NA,NA,2092954,745263,1034306,39.06,50,319,"1","1",38.12,8986,11818,1115,10703,170
"29",2021,4,"Coquimbo",41,"Elqui",4104,"La Higuera",4165.74,2.5,NA,NA,NA,NA,1800253,1005333,1958945,37.78,48.89,175,"1","1",1.08,3357,4478,3050,1428,100
"30",2021,4,"Coquimbo",41,"Elqui",4105,"Paiguano",1513.94,2.5,NA,NA,NA,NA,2341216,233481,418959,41.03,56.41,97,"0","0",3.14,3709,4690,4690,0,25
"31",2021,4,"Coquimbo",41,"Elqui",4106,"Vicuña",7579.04,4.5,NA,NA,NA,NA,5474233,813416,2181283,22.58,34.41,351,"1","1",3.94,22685,29990,10760,19230,1096
"32",2021,4,"Coquimbo",42,"Choapa",4201,"Illapel",2629.06,6.5,NA,NA,NA,NA,4646256,856972,1964709,34.82,41.07,1212,"0","1",12.51,24978,32899,10783,22116,2116
"33",2021,4,"Coquimbo",42,"Choapa",4202,"Canela",2196.81,3.75,NA,NA,NA,NA,2182773,482558,1042005,27.27,47.73,90,"1","0",4.35,7648,9548,7485,2063,74
"34",2021,4,"Coquimbo",42,"Choapa",4203,"Los Vilos",1859.5,4,NA,NA,NA,NA,6478890,1060136,1852635,39.36,50,262,"1","1",12.72,18164,23668,4311,19357,1835
"35",2021,4,"Coquimbo",42,"Choapa",4204,"Salamanca",3445.76,1.75,NA,NA,NA,NA,3276463,1998558,3791649,34.38,46.88,844,"1","1",8.52,22485,29359,11543,17816,817
"36",2021,4,"Coquimbo",43,"Limarí",4301,"Ovalle",3546.21,3.5,NA,NA,NA,NA,15126452,4556575,7466657,25.22,41.3,540,"1","1",31.88,92183,122241,25046,97195,17652
"37",2021,4,"Coquimbo",43,"Limarí",4302,"Combarbalá",2296.04,2.5,NA,NA,NA,NA,3204464,198001,518736,31.15,39.34,323,"1","0",7.33,11104,13893,7451,6442,362
"38",2021,4,"Coquimbo",43,"Limarí",4303,"Monte Patria",4211.35,3.5,NA,NA,NA,NA,5646064,466617,1059621,32.38,44.76,864,"1","1",7.47,24669,32607,15931,16676,358
"39",2021,4,"Coquimbo",43,"Limarí",4304,"Punitaqui",1092.42,2.25,NA,NA,NA,NA,2287342,336017,613718,35.14,35.14,448,"1","1",9.16,9251,12271,5410,6861,252
"40",2021,4,"Coquimbo",43,"Limarí",4305,"Río Hurtado",2204.5,4,NA,NA,NA,NA,1843235,210498,489780,62.79,53.49,157,"1","1",2.06,3520,4361,4361,0,17
"41",2021,5,"Valparaíso",51,"Valparaíso",5101,"Valparaíso",310.87,3.5,NA,NA,NA,NA,21950470,16621413,24386015,22.16,39.71,941,"1","1",789.61,252007,317424,1298,316126,79652
"42",2021,5,"Valparaíso",51,"Valparaíso",5102,"Casablanca",954.63,2,NA,NA,NA,NA,1910028,5814615,6942297,38.21,39.02,332,"1","1",31.01,22658,29556,8539,21017,3588
"43",2021,5,"Valparaíso",51,"Valparaíso",5104,"Juan Fernández",110.55,2.25,NA,NA,NA,NA,1529717,17566,82085,45,45,32,"1","0",7.11,819,1053,1053,0,NA
"44",2021,5,"Valparaíso",51,"Valparaíso",5105,"Puchuncaví",299.68,3.5,NA,NA,NA,NA,2070021,4211621,5339724,NA,NA,NA,NA,NA,67.97,15779,20391,2482,17909,1445
"45",2021,5,"Valparaíso",51,"Valparaíso",5107,"Quintero",146.06,3.5,NA,NA,NA,NA,10217650,2274031,3218642,27.13,48.84,257,"1","1",248.79,28115,36821,6089,30732,5265
"46",2021,5,"Valparaíso",52,"Isla de Pascua",5201,"Isla de Pascua",163.83,2.5,NA,NA,NA,NA,12602433,0,101169,32.79,54.1,129,"1","0",51.49,6322,8445,543,7902,218
"47",2021,5,"Valparaíso",53,"Los Andes",5301,"Los Andes",1233.75,4,NA,NA,NA,NA,6789443,3526318,5155003,32.12,42.49,436,"1","1",54.81,52278,68401,3771,64630,18925
"48",2021,5,"Valparaíso",53,"Los Andes",5302,"Calle Larga",321.23,4.25,NA,NA,NA,NA,1889861,3509617,3880210,35.48,35.48,183,"1","1",52.19,12534,16804,3788,13016,1257
"49",2021,5,"Valparaíso",53,"Los Andes",5303,"Rinconada",122.82,4,NA,NA,NA,NA,NA,NA,NA,NA,NA,NA,NA,NA,93.26,8504,11471,2208,9263,1612
"50",2021,5,"Valparaíso",53,"Los Andes",5304,"San Esteban",1374.51,3.5,NA,NA,NA,NA,2575315,807881,1360082,36.11,38.89,117,"0","0",15.38,15791,20952,7697,13255,2844
"51",2021,5,"Valparaíso",54,"Petorca",5401,"La Ligua",1163.02,4.25,NA,NA,NA,NA,4928833,1379271,2298635,42.03,52.9,279,"1","1",32.64,29297,37957,9176,28781,2373
"52",2021,5,"Valparaíso",54,"Petorca",5402,"Cabildo",1455.15,2.75,NA,NA,NA,NA,2779928,660643,1185436,59.23,60,519,"1","1",14.24,15561,20715,7433,13282,734
"53",2021,5,"Valparaíso",54,"Petorca",5403,"Papudo",167.12,3.5,NA,NA,NA,NA,1329368,1912394,3033893,9.52,50.79,132,"1","1",37.77,4889,6270,479,5791,224
"54",2021,5,"Valparaíso",54,"Petorca",5404,"Petorca",1515.74,4,NA,NA,NA,NA,2130058,641486,1049216,25.32,53.16,362,"0","0",6.98,8321,10590,5852,4738,111
"55",2021,5,"Valparaíso",54,"Petorca",5405,"Zapallar",288.27,8,NA,NA,NA,NA,1291847,12790139,14387861,32.56,51.94,146,"1","0",28.13,6397,8100,2441,5659,883
"56",2021,5,"Valparaíso",55,"Quillota",5502,"Calera",59.97,4,NA,NA,NA,NA,5382906,2223223,3396020,30.86,46.91,302,"1","1",880.92,41134,53736,1508,52228,12316
"57",2021,5,"Valparaíso",55,"Quillota",5503,"Hijuelas",268.15,4,NA,NA,NA,NA,2252363,1144763,1608818,33.77,58.44,104,"1","1",71.98,14654,19218,5645,13573,785
"58",2021,5,"Valparaíso",55,"Quillota",5504,"La Cruz",77.86,2.75,NA,NA,NA,NA,2220052,1073029,1880738,32.97,38.46,240,"1","1",333.44,19343,26008,2552,23456,5619
"59",2021,5,"Valparaíso",55,"Quillota",5506,"Nogales",405.49,3.5,NA,NA,NA,NA,2814483,1056431,1644108,27.78,55.56,269,"1","0",58.17,17950,23559,3294,20265,2516
"60",2021,5,"Valparaíso",56,"San Antonio",5601,"San Antonio",400.04,8,NA,NA,NA,NA,9732709,5557845,7678088,21.75,43.86,467,"1","1",240.3,74649,97323,5099,92224,20064
"61",2021,5,"Valparaíso",56,"San Antonio",5602,"Algarrobo",176.3,3.5,NA,NA,NA,NA,1454377,3710982,5629605,21.94,39.8,NA,NA,NA,87.7,12328,15436,2885,12551,3163
"62",2021,5,"Valparaíso",56,"San Antonio",5603,"Cartagena",243.86,2.5,NA,NA,NA,NA,10788076,687520,1158517,25,46.05,394,"1","0",104.94,19948,25815,2041,23774,4387
"63",2021,5,"Valparaíso",56,"San Antonio",5604,"El Quisco",51.64,3.5,NA,NA,NA,NA,13152099,1034992,2456839,33.53,44.31,489,NA,NA,354.04,14418,18056,1278,16778,3255
"64",2021,5,"Valparaíso",56,"San Antonio",5605,"El Tabo",99.58,6.75,NA,NA,NA,NA,11226311,667842,1354366,21.8,37.91,127,"1","0",147.34,11841,14587,810,13777,2516
"65",2021,5,"Valparaíso",56,"San Antonio",5606,"Santo Domingo",536.92,4.5,NA,NA,NA,NA,1466500,12618430,14078320,42.86,44.9,143,"1","0",22.62,9308,12126,4945,7181,3056
"66",2021,5,"Valparaíso",57,"San Felipe de Aconcagua",5701,"San Felipe",186.82,3.5,NA,NA,NA,NA,6983125,3137781,4979189,29.02,41.97,825,"1","1",454.01,63930,84445,7114,77331,17891
"67",2021,5,"Valparaíso",57,"San Felipe de Aconcagua",5702,"Catemu",361.85,1.75,NA,NA,NA,NA,2296716,610912,870288,NA,NA,NA,NA,NA,42.43,11730,15360,6261,9099,559
"68",2021,5,"Valparaíso",57,"San Felipe de Aconcagua",5703,"Llaillay",348.83,2.75,NA,NA,NA,NA,2845572,724283,1502376,29.91,54.21,292,"1","1",76.68,20330,26760,6746,20014,3132
"69",2021,5,"Valparaíso",57,"San Felipe de Aconcagua",5704,"Panquehue",121.26,2.5,NA,NA,NA,NA,1509486,409805,741516,38.18,63.64,163,"1","0",63.07,5873,7694,3317,4377,431
"70",2021,5,"Valparaíso",57,"San Felipe de Aconcagua",5705,"Putaendo",1451.23,4,NA,NA,NA,NA,2847397,345217,853351,41.89,55.41,NA,"1","1",12.05,13710,17768,10332,7436,564
"71",2021,5,"Valparaíso",57,"San Felipe de Aconcagua",5706,"Santa María",165.71,NA,NA,NA,NA,NA,2432778,1069750,1310222,22.69,38.66,266,"1","1",99.63,12627,16539,5420,11119,766
"72",2021,5,"Valparaíso",58,"Marga Marga",5801,"Quilpué",536.48,3.5,NA,NA,NA,NA,13387296,5326088,8760986,35.43,52.26,1000,"1","1",314.58,133047,168931,2227,166704,51236
"73",2021,5,"Valparaíso",58,"Marga Marga",5803,"Olmué",231.32,2.5,NA,NA,NA,NA,2512435,1199452,1639882,29.58,53.52,588,"0","1",84.2,15316,19535,5788,13747,2222
"74",2021,6,"Libertador General Bernardo O'Higgins",61,"Cachapoal",6101,"Rancagua",260.94,4,NA,NA,NA,NA,14240512,15061244,21693875,41.81,45.26,864,NA,NA,1030.11,204902,267829,7920,259909,72927
"75",2021,6,"Libertador General Bernardo O'Higgins",61,"Cachapoal",6102,"Codegua",284.17,3.25,NA,NA,NA,NA,1784263,666297,949433,40.66,53.85,109,"1","1",49.64,10837,14247,6419,7828,1129
"76",2021,6,"Libertador General Bernardo O'Higgins",61,"Cachapoal",6103,"Coinco",97.34,3.75,NA,NA,NA,NA,1686828,390100,522540,42.55,38.3,137,"1","1",80.52,6204,7891,4435,3456,442
"77",2021,6,"Libertador General Bernardo O'Higgins",61,"Cachapoal",6104,"Coltauco",222.02,3.25,NA,NA,NA,NA,2957459,457451,703325,32.86,47.14,464,"1","1",95.59,16463,21507,8662,12845,371
"78",2021,6,"Libertador General Bernardo O'Higgins",61,"Cachapoal",6105,"Doñihue",80.47,NA,NA,NA,NA,NA,3108023,1144075,1544651,56.72,53.73,330,"1","0",294.41,17409,22964,5148,17816,1236
"79",2021,6,"Libertador General Bernardo O'Higgins",61,"Cachapoal",6106,"Graneros",112.45,2.5,NA,NA,NA,NA,3326378,1099752,1550048,39.56,42.86,775,"1","1",327.19,27472,36972,3660,33312,7300
"80",2021,6,"Libertador General Bernardo O'Higgins",61,"Cachapoal",6107,"Las Cabras",751.28,4,NA,NA,NA,NA,2226154,3701309,4188677,55.32,51.06,288,"1","1",36.09,21010,27034,16116,10918,1222
"81",2021,6,"Libertador General Bernardo O'Higgins",61,"Cachapoal",6108,"Machalí",2593.18,3,NA,NA,NA,NA,2142517,4719372,6642768,39.37,48.82,352,"1","1",23.69,44439,61254,997,60257,15239
"82",2021,6,"Libertador General Bernardo O'Higgins",61,"Cachapoal",6109,"Malloa",220.65,3.25,NA,NA,NA,NA,2182558,532849,977968,53.95,51.32,165,"1","1",125.78,11180,14213,8268,5945,377
"83",2021,6,"Libertador General Bernardo O'Higgins",61,"Cachapoal",6110,"Mostazal",525.72,2.5,NA,NA,NA,NA,2465934,3697416,7515449,21.25,41.88,198,"1","1",52.99,20963,27765,4793,22972,3414
"84",2021,6,"Libertador General Bernardo O'Higgins",61,"Cachapoal",6111,"Olivar",44.22,3.5,NA,NA,NA,NA,1712139,881894,1157755,64.71,44.12,146,"1","0",327.47,11219,14736,4544,10192,935
"85",2021,6,"Libertador General Bernardo O'Higgins",61,"Cachapoal",6112,"Peumo",155.15,2.5,NA,NA,NA,NA,2016063,735035,945047,41.18,49.02,285,"1","0",97.95,11668,14987,2058,12929,1248
"86",2021,6,"Libertador General Bernardo O'Higgins",61,"Cachapoal",6113,"Pichidegua",319.47,NA,NA,NA,NA,NA,2867055,875991,1143598,42.47,49.32,155,"1","0",65.17,16366,20855,10163,10692,199
"87",2021,6,"Libertador General Bernardo O'Higgins",61,"Cachapoal",6114,"Quinta de Tilcoco",86.75,3.5,NA,NA,NA,NA,2016743,616080,831053,33.33,48.28,207,"1","1",150.48,10954,13995,6006,7989,408
"88",2021,6,"Libertador General Bernardo O'Higgins",61,"Cachapoal",6115,"Rengo",585.04,3.5,NA,NA,NA,NA,5660749,2922820,3899024,34.48,49.43,237,"1","1",108.64,48987,64313,13482,50831,10544
"89",2021,6,"Libertador General Bernardo O'Higgins",61,"Cachapoal",6116,"Requínoa",677.18,8,NA,NA,NA,NA,2009484,2656617,3150097,47.17,57.55,675,"1","1",45.69,23165,30749,12521,18228,1278
"90",2021,6,"Libertador General Bernardo O'Higgins",61,"Cachapoal",6117,"San Vicente",484.76,8.5,NA,NA,NA,NA,5311022,2210603,3035663,24.8,41.6,504,"1","1",107.35,39826,51100,22334,28766,6253
"91",2021,6,"Libertador General Bernardo O'Higgins",62,"Cardenal Caro",6201,"Pichilemu",715.89,4,NA,NA,NA,NA,9357619,1407619,2252698,26.32,49.47,470,"1","1",24.21,14254,18136,3922,14214,2033
"92",2021,6,"Libertador General Bernardo O'Higgins",62,"Cardenal Caro",6202,"La Estrella",431.44,4,NA,NA,NA,NA,1396893,915720,1141623,52.27,56.82,53,"1","1",7.16,2545,3113,1921,1192,31
"93",2021,6,"Libertador General Bernardo O'Higgins",62,"Cardenal Caro",6203,"Litueche",613.64,3.5,NA,NA,NA,NA,1485249,765294,1107456,37.25,47.06,73,"1","0",11.02,5497,6820,2992,3828,207
"94",2021,6,"Libertador General Bernardo O'Higgins",62,"Cardenal Caro",6204,"Marchihue",657.65,4,NA,NA,NA,NA,1661250,3170537,3530609,26.87,44.78,171,"1","0",11.6,6157,7656,3930,3726,234
"95",2021,6,"Libertador General Bernardo O'Higgins",62,"Cardenal Caro",6205,"Navidad",301.4,5.25,NA,NA,NA,NA,5686405,258935,409407,39.39,42.42,132,"1","0",23.23,5739,6968,6968,0,77
"96",2021,6,"Libertador General Bernardo O'Higgins",62,"Cardenal Caro",6206,"Paredones",572.51,7.25,NA,NA,NA,NA,2936844,198293,336911,41.94,50,308,"1","1",11.27,5212,6335,4252,2083,82
"97",2021,6,"Libertador General Bernardo O'Higgins",63,"Colchagua",6301,"San Fernando",2321.18,3.5,NA,NA,NA,NA,5999731,4894161,7410648,50,45,1214,"1","0",32.51,60358,79353,10562,68791,17453
"98",2021,6,"Libertador General Bernardo O'Higgins",63,"Colchagua",6302,"Chépica",477.33,NA,NA,NA,NA,NA,2556790,461401,609030,51.79,44.64,166,"1","1",31.82,12668,16003,6514,9489,705
"99",2021,6,"Libertador General Bernardo O'Higgins",63,"Colchagua",6303,"Chimbarongo",509.03,3.5,NA,NA,NA,NA,4429374,1518338,2061974,33.33,52.38,374,"1","0",76.17,29265,37935,15616,22319,2845
"100",2021,6,"Libertador General Bernardo O'Higgins",63,"Colchagua",6304,"Lolol",596.92,2.75,NA,NA,NA,NA,1702990,540952,726901,36.36,52.27,96,"0","1",12.3,5907,7346,4667,2679,294
"101",2021,6,"Libertador General Bernardo O'Higgins",63,"Colchagua",6305,"Nancagua",151.21,2.5,NA,NA,NA,NA,2194480,806039,1096139,42.42,37.88,377,"1","0",173.95,14908,19309,6926,12383,283
"102",2021,6,"Libertador General Bernardo O'Higgins",63,"Colchagua",6306,"Palmilla",235.79,4,NA,NA,NA,NA,1777838,1172151,1776013,34.25,41.1,196,"1","1",56.48,10594,13386,9237,4149,345
"103",2021,6,"Libertador General Bernardo O'Higgins",63,"Colchagua",6307,"Peralillo",283.03,3.5,NA,NA,NA,NA,1860156,695525,1137397,49.09,40,164,"1","1",42.21,9454,11946,4656,7290,429
"104",2021,6,"Libertador General Bernardo O'Higgins",63,"Colchagua",6308,"Placilla",144.4,3,NA,NA,NA,NA,1725602,505285,668026,50,52.27,167,"1","0",62.58,7222,9199,6634,2565,367
"105",2021,6,"Libertador General Bernardo O'Higgins",63,"Colchagua",6309,"Pumanque",441.31,3,NA,NA,NA,NA,1426796,333360,441900,48.15,66.67,100,"1","0",8.01,2973,3532,3532,0,109
"106",2021,6,"Libertador General Bernardo O'Higgins",63,"Colchagua",6310,"Santa Cruz",393.53,3.5,NA,NA,NA,NA,3440444,2092275,3347813,32.61,45.65,743,"1","1",98.84,32250,41511,16582,24929,6809
"107",2021,7,"Maule",71,"Talca",7101,"Talca",232.05,4,NA,NA,NA,NA,16610633,12428998,18637608,30.45,42.57,1170,"1","0",1027.34,185697,238343,11088,227255,68013
"108",2021,7,"Maule",71,"Talca",7102,"Constitución",1339.62,3.5,NA,NA,NA,NA,9266453,2306315,3389692,28.57,50.89,441,"1","1",37.56,37861,50479,10118,40361,5554
"109",2021,7,"Maule",71,"Talca",7103,"Curepto",1070.81,3.25,NA,NA,NA,NA,2963018,376201,604042,31.51,50.68,195,"1","0",8.71,7697,9353,5947,3406,141
"110",2021,7,"Maule",71,"Talca",7104,"Empedrado",565.5,4,NA,NA,NA,NA,2043055,161430,295357,50,41.18,66,"0","0",7.43,3236,4196,1116,3080,10
"111",2021,7,"Maule",71,"Talca",7105,"Maule",243.05,3.25,NA,NA,NA,NA,5044599,1426191,1980933,13.33,48.89,502,"1","0",262.16,44281,62394,11344,51050,3847
"112",2021,7,"Maule",71,"Talca",7106,"Pelarco",330.93,2.5,NA,NA,NA,NA,1626268,1946153,2338179,38.1,46.03,212,"0","0",27.62,7173,9171,6258,2913,76
"113",2021,7,"Maule",71,"Talca",7107,"Pencahue",956.23,3.75,NA,NA,NA,NA,1773561,729466,973148,NA,NA,NA,NA,NA,9,6828,8614,4885,3729,269
"114",2021,7,"Maule",71,"Talca",7108,"Río Claro",434.71,4,NA,NA,NA,NA,1901406,2518549,3042206,31.03,44.83,447,"0","0",34.48,11660,14859,9932,4927,77
"115",2021,7,"Maule",71,"Talca",7109,"San Clemente",4500.58,3.5,NA,NA,NA,NA,6068234,1882829,2611141,45.03,55.63,NA,"1","0",10.38,35608,46751,21587,25164,3826
"116",2021,7,"Maule",71,"Talca",7110,"San Rafael",261.97,4,NA,NA,NA,NA,1802707,506219,780852,39.02,51.22,148,"1","0",38.17,7616,10078,4597,5481,118
"117",2021,7,"Maule",72,"Cauquenes",7201,"Cauquenes",2126.16,7.5,NA,NA,NA,NA,6560430,962325,1859733,25.22,46.09,706,"1","0",20.82,34410,44253,7890,36363,7056
"118",2021,7,"Maule",72,"Cauquenes",7202,"Chanco",528.01,3.5,NA,NA,NA,NA,2481792,228484,395716,36.21,46.55,325,"0","0",17.58,7326,9319,5171,4148,129
"119",2021,7,"Maule",72,"Cauquenes",7203,"Pelluhue",369.56,4.25,NA,NA,NA,NA,5658396,447594,665005,73.17,60.98,200,NA,NA,22.07,6381,8187,3876,4311,149
"120",2021,7,"Maule",73,"Curicó",7301,"Curicó",1334.33,4,NA,NA,NA,NA,12270764,9662386,14511653,18.87,48.25,4058,"1","1",124.82,126857,165757,17704,148053,40763
"121",2021,7,"Maule",73,"Curicó",7302,"Hualañé",629.36,3.5,NA,NA,NA,NA,2155617,891088,1255616,35.71,45.71,139,"0","1",16.27,8130,10232,3959,6273,306
"122",2021,7,"Maule",73,"Curicó",7303,"Licantén",273.01,3.5,NA,NA,NA,NA,3404277,513367,751946,40.38,53.85,98,NA,NA,25.62,5519,6993,1725,5268,324
"123",2021,7,"Maule",73,"Curicó",7304,"Molina",1516.82,3.25,NA,NA,NA,NA,5718924,2074160,2601202,41.74,48.7,484,"1","1",32.48,38716,50413,8638,41775,5110
"124",2021,7,"Maule",73,"Curicó",7305,"Rauco",306.73,3,NA,NA,NA,NA,1911766,707748,856937,34.15,46.34,166,"1","1",36.84,8863,11384,5048,6336,1084
"125",2021,7,"Maule",73,"Curicó",7306,"Romeral",1602.87,3.25,NA,NA,NA,NA,1767337,1665022,2273230,48.1,44.3,418,"1","0",10.25,12627,16370,8891,7479,1211
"126",2021,7,"Maule",73,"Curicó",7307,"Sagrada Familia",554.88,3.5,NA,NA,NA,NA,2536749,2014147,2707754,49.57,58.26,382,"1","0",35.62,15342,19556,11305,8251,267
"127",2021,7,"Maule",73,"Curicó",7308,"Teno",618.52,4,NA,NA,NA,NA,2917448,1848105,2250594,35.64,53.47,560,"1","0",50.38,24209,31132,20418,10714,1964
"128",2021,7,"Maule",73,"Curicó",7309,"Vichuquén",452,3.5,NA,NA,NA,NA,1501129,1541407,1817238,41.67,50,127,"1","0",10.25,3536,4365,2750,1615,42
"129",2021,7,"Maule",74,"Linares",7401,"Linares",1466.62,3.5,NA,NA,NA,NA,10457510,3665028,5299885,31.46,39.7,1275,"1","1",69.51,77809,101895,17488,84407,17880
"130",2021,7,"Maule",74,"Linares",7402,"Colbún",2926.88,NA,NA,NA,NA,NA,3640130,2667597,3113984,29.69,51.56,219,"0","0",7.87,17516,22813,12209,10604,269
"131",2021,7,"Maule",74,"Linares",7403,"Longaví",1453.37,3.5,NA,NA,NA,NA,4257852,740307,1033854,29.07,39.53,1427,"1","0",22.73,25751,33051,22408,10643,1564
"132",2021,7,"Maule",74,"Linares",7404,"Parral",1638.81,3.5,NA,NA,NA,NA,5574244,1629127,2422974,43.41,41.86,337,"1","1",27.38,34301,44844,11259,33585,6673
"133",2021,7,"Maule",74,"Linares",7405,"Retiro",827.42,2.25,NA,NA,NA,NA,3034205,969743,1179119,20.31,46.88,223,"0","0",25.63,16491,21194,13171,8023,578
"134",2021,7,"Maule",74,"Linares",7406,"San Javier",1312.57,3.5,NA,NA,NA,NA,6086836,1466488,2519390,37.25,45.75,299,"1","0",38.08,38108,49994,13039,36955,3037
"135",2021,7,"Maule",74,"Linares",7407,"Villa Alegre",188.67,3.5,NA,NA,NA,NA,2699521,529275,839699,26.03,50.68,218,"1","1",92.93,13718,17656,6643,11013,833
"136",2021,7,"Maule",74,"Linares",7408,"Yerbas Buenas",259.03,3.5,NA,NA,NA,NA,2650148,999423,1234557,28.33,45,258,"1","0",73.92,14784,19366,11870,7496,165
"137",2021,8,"Biobío",81,"Concepción",8102,"Coronel",281.27,3.5,NA,NA,NA,NA,12322496,7289935,9092129,32.41,43.1,2414,"0","0",454.23,95227,126729,2738,123991,32741
"138",2021,8,"Biobío",81,"Concepción",8104,"Florida",605.89,4.25,NA,NA,NA,NA,2792189,294396,460189,31.82,45.45,110,"1","0",19.47,9594,11855,6554,5301,471
"139",2021,8,"Biobío",81,"Concepción",8106,"Lota",114.69,NA,NA,NA,NA,NA,7167524,878419,1531974,25.56,42.22,NA,"1","0",335.82,35523,45672,178,45494,9998
"140",2021,8,"Biobío",81,"Concepción",8109,"Santa Juana",777.43,1.75,NA,NA,NA,NA,3710663,375771,713461,45.83,44.44,700,"1","1",20.27,11502,14819,4168,10651,1330
"141",2021,8,"Biobío",81,"Concepción",8110,"Talcahuano",92.55,4,NA,NA,NA,NA,8413905,11989971,15505629,29.15,45.73,2279,"1","0",1721.16,124557,158347,1429,156918,50998
"142",2021,8,"Biobío",82,"Arauco",8201,"Lebu",564.34,3.5,NA,NA,NA,NA,4667060,522995,740386,35.53,43.42,987,"1","1",48.36,20276,27128,1965,25163,4552
"143",2021,8,"Biobío",82,"Arauco",8202,"Arauco",959.62,NA,NA,NA,NA,NA,5555600,1473277,2056926,39.76,52.41,1330,"1","1",40.55,29395,38769,9119,29650,6147
"144",2021,8,"Biobío",82,"Arauco",8203,"Cañete",1088.57,4.25,NA,NA,NA,NA,6208058,736932,1052448,61,47,1178,"1","0",48.87,27518,37139,16329,20810,3824
"145",2021,8,"Biobío",82,"Arauco",8204,"Contulmo",638.95,4,NA,NA,NA,NA,2633482,174503,271406,41.38,58.62,171,"1","1",6.59,4885,6340,3119,3221,807
"146",2021,8,"Biobío",82,"Arauco",8205,"Curanilahue",1002.76,4,NA,NA,NA,NA,4758554,739254,1348005,38.14,50.52,504,"1","0",34.13,25716,33921,2013,31908,6071
"147",2021,8,"Biobío",82,"Arauco",8206,"Los Alamos",600.38,2.75,NA,NA,NA,NA,3480828,417091,736447,43.33,43.33,261,"1","0",37.81,16556,22647,2328,20319,3290
"148",2021,8,"Biobío",82,"Arauco",8207,"Tirúa",626.54,2.75,NA,NA,NA,NA,3053764,149829,218905,38.18,50.91,147,"1","1",17.7,8022,11046,6862,4184,47
"149",2021,8,"Biobío",83,"Biobío",8301,"Los Angeles",1749.02,3.5,NA,NA,NA,NA,16576907,10776603,15059884,32.17,41.09,647,"1","0",125.88,166020,220030,54431,165599,40916
"150",2021,8,"Biobío",83,"Biobío",8302,"Antuco",1957.43,3.5,NA,NA,NA,NA,2644005,367736,452716,16.22,62.16,99,"1","0",2.29,3391,4312,2152,2160,71
"151",2021,8,"Biobío",83,"Biobío",8303,"Cabrero",657.03,4.25,NA,NA,NA,NA,5481540,1379552,2050227,32.17,50.43,64,"1","1",48.19,23709,30842,7076,23766,4300
"152",2021,8,"Biobío",83,"Biobío",8304,"Laja",345.18,4,NA,NA,NA,NA,3880294,1065231,1564485,40.54,48.65,218,"1","0",70.28,18235,23896,6482,17414,3312
"153",2021,8,"Biobío",83,"Biobío",8305,"Mulchén",1922.24,3.5,NA,NA,NA,NA,4302487,1189638,1736803,34.38,34.38,655,"1","0",16.14,23570,31078,5093,25985,3751
"154",2021,8,"Biobío",83,"Biobío",8306,"Nacimiento",904.52,4,NA,NA,NA,NA,3594572,1529968,1925508,46.74,57.61,331,"1","0",29.93,21180,27981,3128,24853,4698
"155",2021,8,"Biobío",83,"Biobío",8307,"Negrete",155.33,3.5,NA,NA,NA,NA,2135300,460372,626055,41.18,49.02,143,"0","0",66.71,7980,10474,3798,6676,141
"156",2021,8,"Biobío",83,"Biobío",8308,"Quilaco",1124.64,3.5,NA,NA,NA,NA,1550173,237101,345094,41.03,35.9,74,"1","0",3.72,3375,4186,2124,2062,277
"157",2021,8,"Biobío",83,"Biobío",8309,"Quilleco",1118.68,2.5,NA,NA,NA,NA,2197359,373433,518135,48.98,51.02,216,"1","0",8.93,7889,10023,3929,6094,205
"158",2021,8,"Biobío",83,"Biobío",8310,"San Rosendo",94.45,2.5,NA,NA,NA,NA,1870733,80044,154103,46.88,53.13,60,"1","0",39.08,2826,3595,527,3068,527
"159",2021,8,"Biobío",83,"Biobío",8311,"Santa Bárbara",1251.76,3.75,NA,NA,NA,NA,2486660,857235,1084583,40.63,48.44,558,"1","1",11.65,11167,14625,5940,8685,1356
"160",2021,8,"Biobío",83,"Biobío",8312,"Tucapel",914.28,3.25,NA,NA,NA,NA,2781579,698515,1132447,36.59,57.32,605,"1","1",16.69,11865,15273,2218,13055,2395
"161",2021,8,"Biobío",83,"Biobío",8313,"Yumbel",727.1,3.75,NA,NA,NA,NA,5714549,475217,840482,30.43,44.57,294,"1","0",30.48,17668,22158,8544,13614,2107
"162",2021,8,"Biobío",83,"Biobío",8314,"Alto Biobío",2124.77,4,NA,NA,NA,NA,2053144,485267,531849,58.33,45.83,45,"0","0",3.19,4668,6789,6789,0,53
"163",2021,9,"La Araucanía",91,"Cautín",9101,"Temuco",466.89,3.5,NA,NA,NA,NA,22740520,17247892,25777083,31.73,38.13,2437,"1","1",657.05,235875,304871,22101,282770,83591
"164",2021,9,"La Araucanía",91,"Cautín",9102,"Carahue",1336.81,3.25,NA,NA,NA,NA,5692155,363212,623349,26,39,456,"1","1",19.02,19410,25505,11132,14373,635
"165",2021,9,"La Araucanía",91,"Cautín",9103,"Cunco",1890.34,NA,NA,NA,NA,NA,3392524,942664,1245137,40.7,41.86,593,"0","0",9.47,14106,18065,8646,9419,915
"166",2021,9,"La Araucanía",91,"Cautín",9104,"Curarrehue",1167.15,2.75,NA,NA,NA,NA,2119306,144016,222757,37.5,55,160,"1","0",6.68,5766,7826,5470,2356,116
"167",2021,9,"La Araucanía",91,"Cautín",9105,"Freire",870.08,NA,NA,NA,NA,NA,4564425,789300,1021906,31.82,36.36,625,"1","1",27.24,19733,25472,16898,8574,967
"168",2021,9,"La Araucanía",91,"Cautín",9106,"Galvarino",567.86,3.5,NA,NA,NA,NA,2968482,194143,416349,NA,NA,NA,NA,NA,22.22,9435,12623,8123,4500,440
"169",2021,9,"La Araucanía",91,"Cautín",9107,"Gorbea",690.43,3.5,NA,NA,NA,NA,3031855,486437,627297,34.21,34.21,262,"1","1",21.78,12007,15137,4207,10930,839
"170",2021,9,"La Araucanía",91,"Cautín",9108,"Lautaro",906.29,4,NA,NA,NA,NA,4802052,2377248,3864805,31.82,35.61,860,"1","1",45.58,30750,41065,10854,30211,4946
"171",2021,9,"La Araucanía",91,"Cautín",9109,"Loncoche",971.27,3.5,NA,NA,NA,NA,3944544,545133,1121850,31.82,37.27,382,"0","0",25.35,18828,24766,6955,17811,2819
"172",2021,9,"La Araucanía",91,"Cautín",9110,"Melipeuco",1107.69,NA,NA,NA,NA,NA,2523679,151282,236681,41.03,51.28,413,"1","0",5.68,4881,6283,3325,2958,65
"173",2021,9,"La Araucanía",91,"Cautín",9111,"Nueva Imperial",730.73,4.25,NA,NA,NA,NA,6443845,508021,1082432,45.11,43.61,1502,"1","1",46.25,25586,33898,13286,20612,1283
"174",2021,9,"La Araucanía",91,"Cautín",9112,"Padre Las Casas",463.83,4,NA,NA,NA,NA,9870430,2118062,3300453,44.1,44.72,2240,"1","0",207,61440,83009,32176,50833,5970
"175",2021,9,"La Araucanía",91,"Cautín",9113,"Perquenco",331.03,3.5,NA,NA,NA,NA,2534595,227634,374457,43.18,34.09,186,"1","1",21.88,5469,7241,3373,3868,374
"176",2021,9,"La Araucanía",91,"Cautín",9114,"Pitrufquén",583.25,2.75,NA,NA,NA,NA,4304153,675806,1061827,41.98,34.57,829,"1","0",45.17,20279,26245,8213,18032,2125
"177",2021,9,"La Araucanía",91,"Cautín",9115,"Pucón",1248.06,3.5,NA,NA,NA,NA,2012679,3161703,6453577,35.1,38.41,610,"1","1",24.06,22649,30052,11090,18962,3942
"178",2021,9,"La Araucanía",91,"Cautín",9116,"Saavedra",398.35,3.5,NA,NA,NA,NA,4089828,135129,254412,36.62,26.76,676,"1","0",31.83,9697,12764,9853,2911,110
"179",2021,9,"La Araucanía",91,"Cautín",9117,"Teodoro Schmidt",656.17,4,NA,NA,NA,NA,3537919,204214,407997,30.14,49.32,218,"1","1",24.28,12273,15784,10174,5610,195
"180",2021,9,"La Araucanía",91,"Cautín",9118,"Toltén",851.8,3,NA,NA,NA,NA,3093953,194933,338287,25,43.75,486,"1","0",11.66,7699,10027,5965,4062,144
"181",2021,9,"La Araucanía",91,"Cautín",9119,"Vilcún",1416.48,4.25,NA,NA,NA,NA,4826709,1061239,1381169,34.13,38.89,346,"0","0",22,23276,31258,12944,18314,2098
"182",2021,9,"La Araucanía",91,"Cautín",9120,"Villarrica",1292.66,3.5,NA,NA,NA,NA,4903429,4422002,6156394,30.98,50,567,"1","1",46.13,44868,59554,20582,38972,9027
"183",2021,9,"La Araucanía",91,"Cautín",9121,"Cholchol",427.14,1.5,NA,NA,NA,NA,2930198,363503,463077,33.93,46.43,248,"1","1",29.04,9200,12427,7702,4725,206
"184",2021,9,"La Araucanía",92,"Malleco",9201,"Angol",1197.32,3.75,NA,NA,NA,NA,8053397,1603531,2556820,31.65,40.51,207,"1","1",47.14,42746,56289,3922,52367,11401
"185",2021,9,"La Araucanía",92,"Malleco",9202,"Collipulli",1306.73,2.5,NA,NA,NA,NA,3853048,1505781,2008976,38.46,50.77,289,"1","1",20.27,19542,26271,6417,19854,2733
"186",2021,9,"La Araucanía",92,"Malleco",9203,"Curacautín",1658.66,4,NA,NA,NA,NA,3939643,708735,954001,32.1,54.32,824,"1","0",10.94,14103,18196,4738,13458,1564
"187",2021,9,"La Araucanía",92,"Malleco",9204,"Ercilla",498.91,2.5,NA,NA,NA,NA,2309756,197369,385601,32.73,47.27,223,"1","0",16.89,6242,8446,4378,4068,566
"188",2021,9,"La Araucanía",92,"Malleco",9205,"Lonquimay",3928.81,4,NA,NA,NA,NA,3140413,188435,350434,53.42,36.99,765,"1","1",2.83,8298,11071,7203,3868,149
"189",2021,9,"La Araucanía",92,"Malleco",9206,"Los Sauces",848.07,3.5,NA,NA,NA,NA,2341234,344429,491718,25.49,39.22,165,"1","0",8.84,5839,7510,2662,4848,704
"190",2021,9,"La Araucanía",92,"Malleco",9207,"Lumaco",1109.98,2.5,NA,NA,NA,NA,2686516,240585,311156,43.59,46.15,350,"1","1",8.95,7592,10015,5727,4288,164
"191",2021,9,"La Araucanía",92,"Malleco",9208,"Purén",463.96,3.5,NA,NA,NA,NA,3087361,191598,359645,40.23,36.78,239,"1","1",26.17,9316,12167,4277,7890,1073
"192",2021,9,"La Araucanía",92,"Malleco",9209,"Renaico",265.49,3,NA,NA,NA,NA,2321179,454281,862495,36.84,40.35,183,"1","1",40.76,8268,10884,1801,9083,304
"193",2021,9,"La Araucanía",92,"Malleco",9210,"Traiguén",897.07,3.5,NA,NA,NA,NA,3794156,611491,806051,51.06,50,324,"1","0",21.27,14766,19315,4174,15141,2449
"194",2021,9,"La Araucanía",92,"Malleco",9211,"Victoria",1262.59,4,NA,NA,NA,NA,5127225,1289225,1859962,16.03,36.64,551,"1","1",28.27,27504,35512,9343,26169,6238
"195",2021,10,"Los Lagos",101,"Llanquihue",10101,"Puerto Montt",1670.35,4.75,NA,NA,NA,NA,20278040,19759455,30375877,27.97,47.89,845,"1","0",162.91,206033,272555,28774,243781,52511
"196",2021,10,"Los Lagos",101,"Llanquihue",10102,"Calbuco",587.38,3.5,NA,NA,NA,NA,4190399,1560776,2640227,20.95,52.38,782,"1","0",62.6,28386,36997,19021,17976,2625
"197",2021,10,"Los Lagos",101,"Llanquihue",10103,"Cochamó",3981.1,3.75,NA,NA,NA,NA,NA,NA,NA,24.14,41.38,258,"1","0",1.02,3269,3991,3991,0,117
"198",2021,10,"Los Lagos",101,"Llanquihue",10104,"Fresia",1275.62,4,NA,NA,NA,NA,2182491,450583,726540,38.89,46.3,123,"1","0",9.89,9990,12638,4721,7917,262
"199",2021,10,"Los Lagos",101,"Llanquihue",10105,"Frutillar",828.25,3.5,NA,NA,NA,NA,2030893,1777391,2397274,37.88,45.45,146,"1","1",24.53,15667,20387,5842,14545,1974
"200",2021,10,"Los Lagos",101,"Llanquihue",10106,"Los Muermos",1229.62,3,NA,NA,NA,NA,2567682,618557,855024,24.53,39.62,578,"1","1",14.31,13923,17828,8937,8891,194
"201",2021,10,"Los Lagos",101,"Llanquihue",10107,"Llanquihue",433.02,4,NA,NA,NA,NA,2249801,1108132,1499164,29.17,41.67,323,"1","0",44.4,14474,18694,3345,15349,2328
"202",2021,10,"Los Lagos",101,"Llanquihue",10108,"Maullín",822.95,4.25,NA,NA,NA,NA,2508858,169503,549760,48.48,43.94,383,"1","0",17.26,11913,14859,7681,7178,407
"203",2021,10,"Los Lagos",101,"Llanquihue",10109,"Puerto Varas",4028.8,3.5,NA,NA,NA,NA,1787243,5794792,8740455,31.46,42.7,449,"1","1",12.14,37274,49332,13803,35529,10875
"204",2021,10,"Los Lagos",102,"Chiloé",10201,"Castro",471.38,3.5,NA,NA,NA,NA,9546616,2654396,4189687,35.2,38.27,965,"1","1",101.34,36638,47934,10931,37003,8612
"205",2021,10,"Los Lagos",102,"Chiloé",10202,"Ancud",1754.07,4.25,NA,NA,NA,NA,6572481,1282947,2267533,21.28,49.65,3417,"1","1",24.25,33054,42494,11884,30610,5141
"206",2021,10,"Los Lagos",102,"Chiloé",10203,"Chonchi",1361.08,3.5,NA,NA,NA,NA,2799537,1283028,1775830,38.18,40,253,"1","0",11.81,12387,16092,9379,6713,1099
"207",2021,10,"Los Lagos",102,"Chiloé",10204,"Curaco de Vélez",79.85,2.75,NA,NA,NA,NA,1921869,95291,218653,86.36,52.27,107,"1","1",51.08,3104,4086,2638,1448,162
"208",2021,10,"Los Lagos",102,"Chiloé",10205,"Dalcahue",1229.21,5.25,NA,NA,NA,NA,2749335,543671,848422,35.59,50.85,271,"1","0",12.25,11532,15178,7027,8151,1197
"209",2021,10,"Los Lagos",102,"Chiloé",10206,"Puqueldón",96.58,3.5,NA,NA,NA,NA,1666974,155760,365686,15.38,30.77,129,"0","0",43.29,3361,4199,4199,0,129
"210",2021,10,"Los Lagos",102,"Chiloé",10207,"Queilén",330.88,3.5,NA,NA,NA,NA,2025228,114002,347984,48.57,37.14,112,"1","1",16.66,4291,5547,2996,2551,478
"211",2021,10,"Los Lagos",102,"Chiloé",10208,"Quellón",3360.3,2.75,NA,NA,NA,NA,3702115,1207818,2082535,42.39,47.83,290,"1","0",9.11,21929,29538,9872,19666,2787
"212",2021,10,"Los Lagos",102,"Chiloé",10209,"Quemchi",438.3,2.5,NA,NA,NA,NA,2655231,162437,669654,36.92,35.38,107,"1","0",19.95,6920,8779,5871,2908,455
"213",2021,10,"Los Lagos",102,"Chiloé",10210,"Quinchao",158.73,4,NA,NA,NA,NA,2598125,154799,677155,40.91,40.91,264,"0","0",51.38,6461,8272,4922,3350,461
"214",2021,10,"Los Lagos",103,"Osorno",10301,"Osorno",954.57,3.75,NA,NA,NA,NA,10709265,10229112,15730565,42.2,42.43,3463,"1","1",183.25,134742,174269,14936,159333,41047
"215",2021,10,"Los Lagos",103,"Osorno",10302,"Puerto Octay",1793.82,2.5,NA,NA,NA,NA,1487852,778124,1043249,31.11,31.11,269,"1","0",5.1,7147,9159,6998,2161,262
"216",2021,10,"Los Lagos",103,"Osorno",10303,"Purranque",1451.58,3.5,NA,NA,NA,NA,2712254,1169893,1558138,46.48,45.07,314,"1","0",14.43,16407,21060,5729,15331,2349
"217",2021,10,"Los Lagos",103,"Osorno",10304,"Puyehue",1635.28,4.25,NA,NA,NA,NA,NA,NA,NA,35.42,45.83,466,"1","1",7.38,9252,11800,6444,5356,792
"218",2021,10,"Los Lagos",103,"Osorno",10305,"Río Negro",1281.02,3.5,NA,NA,NA,NA,2079231,672030,928836,52.17,41.3,300,"1","0",11.24,11219,14229,6689,7540,1217
"219",2021,10,"Los Lagos",103,"Osorno",10306,"San Juan de la Costa",1506.02,3.25,NA,NA,NA,NA,3124356,234462,302695,39.13,41.3,484,"0","1",5,6143,7590,6113,1477,15
"220",2021,10,"Los Lagos",103,"Osorno",10307,"San Pablo",629.94,3.25,NA,NA,NA,NA,1889343,677618,877016,33.33,47.37,153,"0","0",16.57,8384,10556,5499,5057,717
"221",2021,10,"Los Lagos",104,"Palena",10401,"Chaitén",8256.01,4,NA,NA,NA,NA,2076458,308832,938460,30,28,272,"0","0",0.59,3981,5033,3312,1721,498
"222",2021,10,"Los Lagos",104,"Palena",10402,"Futaleufú",1236.22,2.75,NA,NA,NA,NA,2052987,154163,215929,42.86,28.57,83,"1","0",2.21,2243,2835,878,1957,587
"223",2021,10,"Los Lagos",104,"Palena",10403,"Hualaihué",2834.53,4,NA,NA,NA,NA,2369630,305449,768686,32.56,39.53,233,"1","0",3.42,7226,9546,5487,4059,405
"224",2021,10,"Los Lagos",104,"Palena",10404,"Palena",2656.01,3.5,NA,NA,NA,NA,1424967,68036,138438,37.5,37.5,56,"1","1",0.66,1464,1826,489,1337,314
"225",2021,11,"Aysén del General Carlos Ibáñez del Campo",111,"Coihaique",11101,"Coihaique",7280.46,3.25,NA,NA,NA,NA,7596939,3217502,5020963,43.14,47.71,522,"1","0",NA,45316,61496,7679,53817,12433
"226",2021,11,"Aysén del General Carlos Ibáñez del Campo",111,"Coihaique",11102,"Lago Verde",5440.42,1.75,NA,NA,NA,NA,1448320,180060,257656,50,45.45,19,"0","0",NA,749,919,919,0,88
"227",2021,11,"Aysén del General Carlos Ibáñez del Campo",112,"Aisén",11201,"Aisén",29879.3,3.5,NA,NA,NA,NA,4764353,1243470,2968015,26.32,42.98,230,"1","1",NA,18500,25085,3048,22037,4647
"228",2021,11,"Aysén del General Carlos Ibáñez del Campo",112,"Aisén",11202,"Cisnes",15418.3,3.75,NA,NA,NA,NA,1953712,466000,2239303,29.41,52.94,187,"1","0",NA,4416,5845,1504,4341,1155
"229",2021,11,"Aysén del General Carlos Ibáñez del Campo",112,"Aisén",11203,"Guaitecas",631.38,4,NA,NA,NA,NA,1411186,247787,492426,34.48,44.83,36,"1","1",NA,1197,1604,150,1454,119
"230",2021,11,"Aysén del General Carlos Ibáñez del Campo",113,"Capitán Prat",11301,"Cochrane",8629.21,3,NA,NA,NA,NA,1805528,160970,271558,87.76,73.47,193,"0","0",NA,2802,3704,623,3081,289
"231",2021,11,"Aysén del General Carlos Ibáñez del Campo",113,"Capitán Prat",11302,"O'Higgins",7781.76,2,NA,NA,NA,NA,1423645,28985,40389,69.23,38.46,13,"0","0",NA,524,665,665,0,NA
"232",2021,11,"Aysén del General Carlos Ibáñez del Campo",113,"Capitán Prat",11303,"Tortel",19977.3,1.75,NA,NA,NA,NA,1494354,24820,47649,52.63,31.58,20,"0","0",NA,433,576,576,0,2
"233",2021,11,"Aysén del General Carlos Ibáñez del Campo",114,"General Carrera",11401,"Chile Chico",5739.01,2.5,NA,NA,NA,NA,3091646,301653,561667,43.75,31.25,81,"0","0",NA,3992,5138,1738,3400,269
"234",2021,11,"Aysén del General Carlos Ibáñez del Campo",114,"General Carrera",11402,"Río Ibáñez",6019.41,4,NA,NA,NA,NA,1821004,139857,254522,53.57,39.29,242,"1","1",NA,2221,2705,2705,0,99
"235",2021,12,"Magallanes y de la Antártica Chilena",121,"Magallanes",12101,"Punta Arenas",17771.4,4,NA,NA,NA,NA,8334081,11511726,17272292,34.82,48.47,639,"1","1",8.02,112121,143205,7067,136138,40073
"236",2021,12,"Magallanes y de la Antártica Chilena",121,"Magallanes",12102,"Laguna Blanca",3567.32,3.5,NA,NA,NA,NA,NA,NA,NA,42.31,50,8,"1","0",0.07,207,259,259,0,NA
"237",2021,12,"Magallanes y de la Antártica Chilena",121,"Magallanes",12104,"San Gregorio",6706.74,4,NA,NA,NA,NA,1171014,242014,307661,34.78,39.13,7,"1","0",0.1,547,674,674,0,6
"238",2021,12,"Magallanes y de la Antártica Chilena",122,"Antártica Chilena",12201,"Cabo de Hornos",15720.3,2.5,NA,NA,NA,NA,2721354,242273,311025,39.58,47.92,71,"1","0",0.09,1394,1983,218,1765,67
"239",2021,12,"Magallanes y de la Antártica Chilena",123,"Tierra del Fuego",12301,"Porvenir",7457.05,4,NA,NA,NA,NA,1999791,559488,1285423,29.03,30.65,28,"1","1",0.76,5807,7421,920,6501,731
"240",2021,12,"Magallanes y de la Antártica Chilena",123,"Tierra del Fuego",12302,"Primavera",3946.46,4,NA,NA,NA,NA,1220245,146776,308168,52.38,33.33,4,"1","0",0.11,571,689,689,0,17
"241",2021,12,"Magallanes y de la Antártica Chilena",123,"Tierra del Fuego",12303,"Timaukel",11011.8,3.25,NA,NA,NA,NA,1230432,66169,87997,41.18,70.59,3,"0","0",0.03,243,281,281,0,2
"242",2021,12,"Magallanes y de la Antártica Chilena",124,"Última Esperanza",12401,"Natales",48938.2,3.5,NA,NA,NA,NA,3893409,1473365,2796388,33.33,50.45,751,"1","1",0.48,18858,24044,2544,21500,6386
"243",2021,12,"Magallanes y de la Antártica Chilena",124,"Última Esperanza",12402,"Torres del Paine",6215.16,3,NA,NA,NA,NA,1233957,358958,405292,45.16,48.39,16,"1","0",0.16,968,1040,1040,0,19
"244",2021,13,"Metropolitana de Santiago",131,"Santiago",13115,"Lo Barnechea",1023.61,5,NA,NA,NA,NA,1944421,67951838,79839903,55.1,50.69,194,"1","1",123.84,91467,126816,924,125892,26315
"245",2021,13,"Metropolitana de Santiago",132,"Cordillera",13202,"Pirque",444.71,4,NA,NA,NA,NA,1177422,3612093,4920327,33.02,51.89,165,"1","0",69.96,23725,31134,17879,13255,1189
"246",2021,13,"Metropolitana de Santiago",132,"Cordillera",13203,"San José de Maipo",4982.37,8.25,NA,NA,NA,NA,1836085,1067927,2000800,NA,NA,NA,NA,NA,3.79,14631,18917,6615,12302,713
"247",2021,13,"Metropolitana de Santiago",134,"Maipo",13404,"Paine",677.52,3.5,NA,NA,NA,NA,3962971,5204821,6907584,36.26,51.1,882,"1","1",124.45,63275,84379,29902,54477,6339
"248",2021,13,"Metropolitana de Santiago",135,"Melipilla",13501,"Melipilla",1352.65,4,NA,NA,NA,NA,11403920,4043833,6881448,31.56,47.56,NA,"1","1",106.9,109451,143779,44642,99137,18179
"249",2021,13,"Metropolitana de Santiago",135,"Melipilla",13502,"Alhué",844.43,3,NA,NA,NA,NA,NA,NA,NA,NA,NA,NA,NA,NA,8.92,5870,7536,4479,3057,49
"250",2021,13,"Metropolitana de Santiago",135,"Melipilla",13503,"Curacaví",694.1,2.5,NA,NA,NA,NA,2940658,2375884,3958439,21.65,51.55,253,"1","1",53.38,28358,36991,14030,22961,2929
"251",2021,13,"Metropolitana de Santiago",135,"Melipilla",13504,"María Pinto",394.3,5.75,NA,NA,NA,NA,1686115,1566261,2125610,35.82,52.24,623,"1","0",38.31,11605,15132,6647,8485,116
"252",2021,13,"Metropolitana de Santiago",135,"Melipilla",13505,"San Pedro",793.11,3.5,NA,NA,NA,NA,1915361,514913,819980,32.73,63.64,109,"1","1",15.4,9310,12132,12132,0,358
"253",2021,13,"Metropolitana de Santiago",136,"Talagante",13603,"Isla de Maipo",189.62,2,NA,NA,NA,NA,3295275,2160227,3188381,25,40.48,490,"0","0",215.89,30553,40803,10384,30419,3379
"254",2021,14,"Los Ríos",141,"Valdivia",14101,"Valdivia",1018.32,3.5,NA,NA,NA,NA,20649936,8720877,12828393,35,35.18,4441,"1","1",175.42,140225,178226,11973,166253,43493
"255",2021,14,"Los Ríos",141,"Valdivia",14102,"Corral",729.42,2.5,NA,NA,NA,NA,2179381,191765,264243,46.15,38.46,236,"1","0",7.1,4314,5445,1819,3626,341
"256",2021,14,"Los Ríos",141,"Valdivia",14103,"Lanco",533.04,3.5,NA,NA,NA,NA,2961543,436876,684586,38.89,43.06,547,"1","1",33.39,13420,17762,5439,12323,1341
"257",2021,14,"Los Ríos",141,"Valdivia",14104,"Los Lagos",1788.82,2.5,NA,NA,NA,NA,2836461,911987,1264388,30.12,53.01,137,"1","1",11.46,15670,20527,9946,10581,1341
"258",2021,14,"Los Ríos",141,"Valdivia",14105,"Máfil",579.15,3.25,NA,NA,NA,NA,1700488,324905,451149,44.44,53.33,39,"1","0",12.68,5644,7390,2644,4746,661
"259",2021,14,"Los Ríos",141,"Valdivia",14106,"Mariquina",1319.22,4,NA,NA,NA,NA,3530966,732270,1295433,26.8,42.27,423,"1","0",17.76,17338,23458,12469,10989,1801
"260",2021,14,"Los Ríos",141,"Valdivia",14107,"Paillaco",901.57,3.5,NA,NA,NA,NA,2885281,800224,1223813,63.16,54.39,476,"1","1",23.27,16010,20848,7283,13565,1901
"261",2021,14,"Los Ríos",141,"Valdivia",14108,"Panguipulli",3297.47,4,NA,NA,NA,NA,7977629,2871196,3625430,40.94,33.33,1311,"1","1",10.96,27448,36072,20238,15834,2394
"262",2021,14,"Los Ríos",142,"Ranco",14201,"La Unión",2131.24,4.25,NA,NA,NA,NA,5244617,1824722,2762385,30.77,50.35,190,"1","1",18.53,30556,39593,11278,28315,6000
"263",2021,14,"Los Ríos",142,"Ranco",14202,"Futrono",2090.51,4,NA,NA,NA,NA,2679068,1029414,1384180,30.99,52.11,208,"1","1",7.19,11457,15251,6448,8803,666
"264",2021,14,"Los Ríos",142,"Ranco",14203,"Lago Ranco",1763.14,3.5,NA,NA,NA,NA,2331163,1343406,1522551,40.91,50,505,"1","1",5.84,7938,10293,7896,2397,246
"265",2021,14,"Los Ríos",142,"Ranco",14204,"Río Bueno",2172.28,3.5,NA,NA,NA,NA,3962026,1245078,1980169,35.35,45.45,240,"1","1",14.9,25785,32953,14255,18698,3435
"266",2021,15,"Arica y Parinacota",151,"Arica",15101,"Arica",4799.66,6,NA,NA,NA,NA,21297492,9371852,15768381,25.76,39,5213,"1","1",52.26,188465,250795,18190,232605,57673
"267",2021,15,"Arica y Parinacota",151,"Arica",15102,"Camarones",3922.22,2.75,NA,NA,NA,NA,1552858,277290,537685,NA,NA,NA,NA,NA,0.32,1025,1239,1239,0,16
"268",2021,15,"Arica y Parinacota",152,"Parinacota",15201,"Putre",5885.18,2,NA,NA,NA,NA,2212509,129102,276885,41.38,31.03,145,"1","1",0.43,2080,2536,605,1931,42
"269",2021,15,"Arica y Parinacota",152,"Parinacota",15202,"General Lagos",2257.22,2.75,NA,NA,NA,NA,1319696,15933,113956,50,31.25,21,"0","0",0.36,673,810,810,0,NA
"270",2021,16,"Ñuble",161,"Diguillín",16101,"Chillán",477.58,4.25,NA,NA,NA,NA,17317943,9767245,15958807,34.93,41.07,2861,"1","1",391.68,154805,200148,16867,183281,NA
"271",2021,16,"Ñuble",161,"Diguillín",16102,"Bulnes",426.4,2,NA,NA,NA,NA,3331687,847190,1291208,33.78,44.59,687,"1","1",53.33,17601,22665,8306,14359,NA
"272",2021,16,"Ñuble",161,"Diguillín",16104,"El Carmen",666.04,2.25,NA,NA,NA,NA,2751178,427725,607396,47.95,36.99,210,"0","0",18.53,9658,12307,7180,5127,NA
"273",2021,16,"Ñuble",161,"Diguillín",16105,"Pemuco",563.26,3.5,NA,NA,NA,NA,1927216,1143767,1302151,50.88,45.61,329,"0","0",15.33,6673,8631,4296,4335,NA
"274",2021,16,"Ñuble",161,"Diguillín",16106,"Pinto",1102.7,3.5,NA,NA,NA,NA,2384148,776258,1111787,37.29,40.68,269,"1","1",10.28,9488,11965,5835,6130,NA
"275",2021,16,"Ñuble",161,"Diguillín",16107,"Quillón",406.52,4,NA,NA,NA,NA,6833503,551154,1139396,12.16,47.3,225,"1","0",44.74,15093,18924,7015,11909,NA
"276",2021,16,"Ñuble",161,"Diguillín",16108,"San Ignacio",363.25,3.25,NA,NA,NA,NA,3525524,412558,649874,NA,NA,NA,NA,NA,45.69,13090,16630,9319,7311,NA
"277",2021,16,"Ñuble",161,"Diguillín",16109,"Yungay",824.72,NA,NA,NA,NA,NA,3956112,786466,964659,47.37,44.74,310,"0","1",22.66,14573,18670,4129,14541,883
"278",2021,16,"Ñuble",162,"Itata",16201,"Quirihue",589.85,3.75,NA,NA,NA,NA,2862685,303393,531600,27.69,40,130,"1","0",20.74,9641,12214,2019,10195,NA
"279",2021,16,"Ñuble",162,"Itata",16202,"Cobquecura",569.21,4,NA,NA,NA,NA,2658897,236265,419381,38,26,108,"1","1",9.24,4383,5265,3767,1498,NA
"280",2021,16,"Ñuble",162,"Itata",16203,"Coelemu",342.32,4,NA,NA,NA,NA,3842385,426800,748737,36,49.33,480,"1","1",49.33,13153,16871,4398,12473,NA
"281",2021,16,"Ñuble",162,"Itata",16204,"Ninhue",403.19,4,NA,NA,NA,NA,2155346,135527,236935,51.72,44.83,131,"1","0",13.47,4351,5402,3819,1583,NA
"282",2021,16,"Ñuble",162,"Itata",16205,"Portezuelo",289.24,3.5,NA,NA,NA,NA,2048494,124094,192124,41.86,39.53,203,"0","1",17.46,3944,4925,3048,1877,NA
"283",2021,16,"Ñuble",162,"Itata",16206,"Ranquil",247.42,3.25,NA,NA,NA,NA,1858712,612647,715607,50,38.1,273,"1","1",25.3,5032,6275,4527,1748,NA
"284",2021,16,"Ñuble",162,"Itata",16207,"Treguaco",313,3.5,NA,NA,NA,NA,2057905,162944,294054,23.81,50.79,117,"1","1",18.27,4535,5718,3736,1982,NA
"285",2021,16,"Ñuble",163,"Punilla",16301,"San Carlos",877.81,8.25,NA,NA,NA,NA,7901719,1661818,2840251,67.09,41.77,1298,"1","1",64.64,43956,56499,20125,36374,NA
"286",2021,16,"Ñuble",163,"Punilla",16302,"Coihueco",1771.65,3.5,NA,NA,NA,NA,6390144,788995,1261935,35.29,28.24,273,"0","0",16.08,21695,28569,18368,10201,NA
"287",2021,16,"Ñuble",163,"Punilla",16303,"Ñiquén",492.34,3.5,NA,NA,NA,NA,2641611,290555,576683,32.08,43.4,224,"1","1",23.46,9234,11565,10371,1194,NA
"288",2021,16,"Ñuble",163,"Punilla",16304,"San Fabián",1541.59,3.5,NA,NA,NA,NA,1606257,307001,485452,58.33,36.11,105,"0","1",2.99,3699,4693,2963,1730,NA
"289",2021,16,"Ñuble",163,"Punilla",16305,"San Nicolás",565.94,3.25,NA,NA,NA,NA,2197505,1139685,1526620,38.1,39.68,115,"1","1",24.97,9652,12261,6911,5350,NA
"290",2021,13,"Metropolitana de Santiago",133,"Chacabuco",13303,"Tiltil",654.65,4,NA,NA,NA,NA,1714317,1539408,2268140,25.84,39.33,199,"1","1",33.36,16485,21783,6441,15342,2097
"291",2021,13,"Metropolitana de Santiago",133,"Chacabuco",13301,"Colina",970.86,7.5,NA,NA,NA,NA,4446827,24009899,32108580,27.27,42.42,882,"1","1",191.14,130800,185599,36398,149201,31664
"292",2021,13,"Metropolitana de Santiago",133,"Chacabuco",13302,"Lampa",449.52,0.75,NA,NA,NA,NA,NA,NA,NA,NA,NA,NA,NA,NA,290.79,93131,131436,26198,105238,19868
"293",2021,13,"Metropolitana de Santiago",131,"Santiago",13125,"Quilicura",57.32,4,NA,NA,NA,NA,8871421,30401802,37442357,51.39,37.96,767,"1","1",4517.12,193085,261993,702,261291,50101
"294",2021,13,"Metropolitana de Santiago",131,"Santiago",13124,"Pudahuel",198.57,3.5,NA,NA,NA,NA,16707377,27841511,33925087,32.78,55.28,2860,"1","1",1302.57,195113,256607,4789,251818,59218
"295",2021,13,"Metropolitana de Santiago",131,"Santiago",13103,"Cerro Navia",11.05,9.25,NA,NA,NA,NA,16751064,1223140,2615011,25.29,44.19,522,"1","0",12936.73,110241,142304,0,142304,25080
"296",2021,13,"Metropolitana de Santiago",131,"Santiago",13128,"Renca",23.68,4,NA,NA,NA,NA,7912032,13877327,16980139,31.9,47.99,559,"1","1",6748.29,121818,161959,0,161959,29209
"297",2021,13,"Metropolitana de Santiago",131,"Santiago",13126,"Quinta Normal",11.8,3,NA,NA,NA,NA,4829348,6022392,8612792,15.66,45.55,722,"1","1",11575.33,111252,138904,0,138904,35968
"298",2021,13,"Metropolitana de Santiago",131,"Santiago",13107,"Huechuraba",44.98,3,NA,NA,NA,NA,3289485,26403314,30503723,34.55,56.36,424,"1","1",2543.4,84242,114453,90,114363,24737
"299",2021,13,"Metropolitana de Santiago",131,"Santiago",13104,"Conchalí",10.94,4,NA,NA,NA,NA,9693496,5808068,8391694,23.62,46.36,555,"1","1",12672.18,109950,139394,0,139394,32119
"300",2021,13,"Metropolitana de Santiago",131,"Santiago",13108,"Independencia",7.35,4,NA,NA,NA,NA,3902164,5286897,10415524,26.9,41.14,363,"1","1",21093.57,120196,147655,0,147655,34014
"301",2021,13,"Metropolitana de Santiago",131,"Santiago",13127,"Recoleta",15.61,4,NA,NA,NA,NA,5243711,18883693,23170560,29.34,42.72,1694,"1","1",12100.31,154104,193605,0,193605,38312
"302",2021,13,"Metropolitana de Santiago",131,"Santiago",13132,"Vitacura",28.59,7.75,NA,NA,NA,NA,1982639,45202250,62688120,34.92,40.95,172,"1","1",3489.11,77427,97695,0,97695,34004
"303",2021,13,"Metropolitana de Santiago",131,"Santiago",13123,"Providencia",14.44,4,NA,NA,NA,NA,2775794,48714668,72895203,36.63,45.76,267,"1","0",11431.64,138146,160043,0,160043,70261
"304",2021,13,"Metropolitana de Santiago",131,"Santiago",13114,"Las Condes",99.06,6.5,NA,NA,NA,NA,4179372,134393360,163511198,39.22,35.14,489,"1","1",3386.83,276116,335296,0,335296,120573
"305",2021,13,"Metropolitana de Santiago",131,"Santiago",13120,"Ñuñoa",16.89,4.25,NA,NA,NA,NA,3547896,23314784,37631858,37.33,42.5,294,"1","1",15048.41,213757,255823,0,255823,93542
"306",2021,13,"Metropolitana de Santiago",131,"Santiago",13101,"Santiago",23.18,2.75,NA,NA,NA,NA,5286414,62758614,99520683,21.08,26.07,1631,"1","1",23512.73,448819,517280,0,517280,165484
"307",2021,13,"Metropolitana de Santiago",131,"Santiago",13117,"Lo Prado",6.54,2.5,NA,NA,NA,NA,11047160,1216233,2360123,30.71,43.93,730,"1","1",14915,82900,104405,0,104405,20537
"308",2021,13,"Metropolitana de Santiago",131,"Santiago",13106,"Estación Central",14.37,3.75,NA,NA,NA,NA,5390717,10845003,17012014,26.44,47.11,NA,NA,NA,15319.29,173949,214470,0,214470,49170
"309",2021,13,"Metropolitana de Santiago",131,"Santiago",13119,"Maipú",136.8,5.5,NA,NA,NA,NA,55445097,20923104,30543905,20.45,34.62,2236,"1","1",4391.38,452906,584053,3676,580377,155459
"310",2021,13,"Metropolitana de Santiago",131,"Santiago",13121,"Pedro Aguirre Cerda",8.73,3.5,NA,NA,NA,NA,9302273,2675826,4407036,26.71,42.02,201,"1","1",10740.9,85644,107409,0,107409,23025
"311",2021,13,"Metropolitana de Santiago",131,"Santiago",13102,"Cerrillos",16.82,7.5,NA,NA,NA,NA,4164880,10789112,13756331,30.47,52.34,NA,"1","1",4262.86,69020,89520,0,89520,19409
"312",2021,13,"Metropolitana de Santiago",131,"Santiago",13130,"San Miguel",9.63,3.75,NA,NA,NA,NA,2134246,8951129,13893400,20.98,46.32,NA,"1","0",13683.5,111464,136835,0,136835,53607
"313",2021,13,"Metropolitana de Santiago",131,"Santiago",13129,"San Joaquín",9.94,3.5,NA,NA,NA,NA,4493019,9552286,13029164,25.29,47.38,244,"1","0",10387.1,83476,103871,0,103871,22888
"314",2021,13,"Metropolitana de Santiago",131,"Santiago",13118,"Macul",12.81,4,NA,NA,NA,NA,4270787,9868911,13952031,39.26,40.42,560,"1","1",10482.92,110483,136278,0,136278,40220
"315",2021,13,"Metropolitana de Santiago",131,"Santiago",13113,"La Reina",23.39,8,NA,NA,NA,NA,1815687,15979540,23323188,32.18,52.11,448,"1","1",4367.78,79489,100459,0,100459,28304
"316",2021,13,"Metropolitana de Santiago",131,"Santiago",13122,"Peñalolén",53.89,8,NA,NA,NA,NA,15572193,18826009,25094905,36.27,47.7,3108,"1","1",4986.96,205893,269296,0,269296,52950
"317",2021,13,"Metropolitana de Santiago",131,"Santiago",13116,"Lo Espejo",8.25,3.25,NA,NA,NA,NA,11730256,1330221,3407740,28.52,61.17,206,"1","1",14768.71,80205,103381,0,103381,14169
"318",2021,13,"Metropolitana de Santiago",131,"Santiago",13109,"La Cisterna",10.01,3.5,NA,NA,NA,NA,3307103,3974742,8273288,22.05,52.47,292,"1","1",10112.6,80909,101126,0,101126,29210
"319",2021,13,"Metropolitana de Santiago",131,"Santiago",13111,"La Granja",10.05,4.5,NA,NA,NA,NA,14246220,1967200,3725528,27.52,49.86,409,"1","0",12202.8,95106,122028,0,122028,23226
"320",2021,13,"Metropolitana de Santiago",131,"Santiago",13131,"San Ramón",6.31,3.25,NA,NA,NA,NA,10760556,1307361,2785806,23.96,48.88,1408,"1","0",12288.14,67117,86017,0,86017,13750
"321",2021,13,"Metropolitana de Santiago",131,"Santiago",13110,"La Florida",71.04,3,NA,NA,NA,NA,31069413,23921434,35282242,33.18,51.42,250,"1","1",5706.83,320608,405185,145,405040,113198
"322",2021,13,"Metropolitana de Santiago",131,"Santiago",13105,"El Bosque",14.25,7,NA,NA,NA,NA,19836263,2397692,5264947,35.83,52.93,462,"1","1",12270.64,132132,171789,0,171789,35004
"323",2021,13,"Metropolitana de Santiago",131,"Santiago",13112,"La Pintana",30.47,4,NA,NA,NA,NA,24541935,2235307,4046736,37.6,45.78,952,"1","1",6111.42,139308,189454,0,189454,14562
"324",2021,13,"Metropolitana de Santiago",134,"Maipo",13403,"Calera de Tango",73.22,1.5,NA,NA,NA,NA,1323459,2318364,4239585,NA,NA,NA,NA,NA,397.52,22054,29019,16280,12739,2595
"325",2021,13,"Metropolitana de Santiago",132,"Cordillera",13201,"Puente Alto",88.39,3.75,NA,NA,NA,NA,67448870,14146257,20097375,34.23,54.48,515,"1","1",7443.56,492682,655033,11,655022,150177
"326",2021,13,"Metropolitana de Santiago",136,"Talagante",13601,"Talagante",125.23,3.5,NA,NA,NA,NA,6191974,3477152,4634202,25.56,37.22,368,"1","0",657.94,62478,82900,17210,65690,14491
"327",2021,13,"Metropolitana de Santiago",134,"Maipo",13402,"Buin",217.03,8,NA,NA,NA,NA,3358995,6276523,9954848,26.67,43.59,141,"1","1",523.06,83696,111934,15872,96062,21253
"328",2021,13,"Metropolitana de Santiago",134,"Maipo",13401,"San Bernardo",153.85,3.75,NA,NA,NA,NA,20262855,19279008,28562556,23.96,43.03,1157,"1","1",2187.37,251434,339043,4794,334249,66842
"329",2021,13,"Metropolitana de Santiago",136,"Talagante",13604,"Padre Hurtado",80.64,3,NA,NA,NA,NA,4319683,3162527,4916200,36.57,51.43,274,"1","1",940.98,56970,76219,9131,67088,16542
"330",2021,13,"Metropolitana de Santiago",136,"Talagante",13605,"Peñaflor",69.42,3.5,NA,NA,NA,NA,7698844,3543731,5088503,22.51,45.58,NA,"1","1",1487.93,76887,102667,8605,94062,21061
"331",2021,13,"Metropolitana de Santiago",136,"Talagante",13602,"El Monte",115.97,3,NA,NA,NA,NA,3200072,1732413,3296880,22.12,46.02,123,"1","0",344.24,30303,40620,6667,33953,5288
"332",2021,5,"Valparaíso",58,"Marga Marga",5802,"Limache",294.88,3.5,NA,NA,NA,NA,5564922,1573705,2975243,25.77,39.18,622,"1","1",171.56,38742,50439,7421,43018,10905
"333",2021,5,"Valparaíso",51,"Valparaíso",5109,"Viña del Mar",120.56,8.25,NA,NA,NA,NA,8383220,34094043,63139305,28.35,44.57,NA,NA,NA,2987.48,294069,364472,0,364472,109946
"334",2021,5,"Valparaíso",58,"Marga Marga",5804,"Villa Alemana",96.37,7.75,NA,NA,NA,NA,12902657,2683876,5097685,30.47,41.12,1881,"1","1",1459.05,108972,141528,1446,140082,36996
"335",2021,5,"Valparaíso",55,"Quillota",5501,"Quillota",301.24,3.75,NA,NA,NA,NA,8189330,3504725,6116414,32.21,50.96,407,"1","1",326.36,76005,98561,13030,85531,23131
"336",2021,16,"Ñuble",161,"Diguillín",16103,"Chillán Viejo",262.61,4,NA,NA,NA,NA,3517277,1153462,1753583,53.33,51.11,744,"1","1",117.5,25422,34311,3418,30893,NA
"337",2021,8,"Biobío",81,"Concepción",8111,"Tomé",494.32,2.75,NA,NA,NA,NA,10413989,1878255,2666902,31.72,39.21,649,"1","1",118.94,46285,58873,5615,53258,12914
"338",2021,8,"Biobío",81,"Concepción",8107,"Penco",108.38,3.75,NA,NA,NA,NA,5469366,2183373,2989770,34.23,45.05,315,"1","0",462.73,38725,49975,474,49501,10506
"339",2021,8,"Biobío",81,"Concepción",8101,"Concepción",220.2,4.75,NA,NA,NA,NA,5985449,20023538,28046093,40.61,38.31,1882,"1","1",1075.05,195772,238661,5056,233605,77744
"340",2021,8,"Biobío",81,"Concepción",8103,"Chiguayante",71.4,3.5,NA,NA,NA,NA,9879076,3837195,5674408,43.92,48.68,286,"1","1",1269.93,71096,91435,179,91256,24578
"341",2021,8,"Biobío",81,"Concepción",8112,"Hualpén",53.77,3.25,NA,NA,NA,NA,7309681,4894917,6590413,40.21,38.14,1064,"1","0",1806.22,76712,97536,740,96796,14290
"342",2021,8,"Biobío",81,"Concepción",8108,"San Pedro de la Paz",112.86,NA,NA,NA,NA,NA,5852507,8443261,11870941,45.19,46.03,503,"1","0",1310.35,110122,148070,223,147847,42502
"343",2021,8,"Biobío",81,"Concepción",8105,"Hualqui",535.85,4,NA,NA,NA,NA,4580852,726747,1003865,48.39,54.84,587,"1","0",49.65,19970,26366,3378,22988,4189
"344",2021,12,"Magallanes y de la Antártica Chilena",121,"Magallanes",12103,"Río Verde",9147.57,4.25,NA,NA,NA,NA,1160376,279435,876010,43.33,30,6,"1","0",0.01,195,212,212,0,2
"345",2021,5,"Valparaíso",51,"Valparaíso",5103,"Concón",76.93,4,NA,NA,NA,NA,1876984,7197782,9678668,48.8,52.8,421,"1","1",612.2,36026,46527,2938,43589,16696
